Title,Link
,/
,https://www.prothomalo.com/video/bangladesh/31lg7ulzq3
সানজিদা আহমেদ তন্বীর সম্মানে পদ খালি রাখল ছাত্রদল,https://www.prothomalo.com/video/bangladesh/31lg7ulzq3
,https://www.prothomalo.com/photo/bangladesh/j3zffyojh7
অপার সৌন্দর্যের পাশে ভাঙনের ক্ষত,https://www.prothomalo.com/photo/bangladesh/j3zffyojh7
,https://www.prothomalo.com/video/international/5336zncufp
ট্রেনের মধ্যে মুঠোফোন অতিরিক্ত গরম হয়ে আগুন,https://www.prothomalo.com/video/international/5336zncufp
,/search
Login,https://www.prothomalo.com/api/auth/v1/oauth/authorize?client_id=811&response_type=code&redirect_uri=https://www.prothomalo.com/api/auth/v1/oauth/token&callback_uri=https://www.prothomalo.com/topic/%E0%A6%9C%E0%A6%BE%E0%A6%B9%E0%A6%BE%E0%A6%99%E0%A7%8D%E0%A6%97%E0%A7%80%E0%A6%B0%E0%A6%A8%E0%A6%97%E0%A6%B0-%E0%A6%AC%E0%A6%BF%E0%A6%B6%E0%A7%8D%E0%A6%AC%E0%A6%AC%E0%A6%BF%E0%A6%A6%E0%A7%8D%E0%A6%AF%E0%A6%BE%E0%A6%B2%E0%A7%9F
সর্বশেষ,https://www.prothomalo.com/collection/latest
বাংলাদেশ,https://www.prothomalo.com/bangladesh
রাজনীতি,https://www.prothomalo.com/politics
বিশ্ব,https://www.prothomalo.com/world
বাণিজ্য,https://www.prothomalo.com/business
মতামত,https://www.prothomalo.com/opinion
খেলা,https://www.prothomalo.com/sports
বিনোদন,https://www.prothomalo.com/entertainment
চাকরি,https://www.prothomalo.com/chakri
জীবনযাপন,https://www.prothomalo.com/lifestyle
ভিডিও,https://www.prothomalo.com/video
খুঁজুন,/search
ই-পেপার,https://epaper.prothomalo.com
Eng,https://en.prothomalo.com
Login,https://www.prothomalo.com/api/auth/v1/oauth/authorize?client_id=811&response_type=code&redirect_uri=https://www.prothomalo.com/api/auth/v1/oauth/token&callback_uri=https://www.prothomalo.com/topic/%E0%A6%9C%E0%A6%BE%E0%A6%B9%E0%A6%BE%E0%A6%99%E0%A7%8D%E0%A6%97%E0%A7%80%E0%A6%B0%E0%A6%A8%E0%A6%97%E0%A6%B0-%E0%A6%AC%E0%A6%BF%E0%A6%B6%E0%A7%8D%E0%A6%AC%E0%A6%AC%E0%A6%BF%E0%A6%A6%E0%A7%8D%E0%A6%AF%E0%A6%BE%E0%A6%B2%E0%A7%9F
Privacy Policy,https://www.prothomalo.com/privacy-policy
ভিডিও,https://www.prothomalo.com/video/bangladesh/31lg7ulzq3
ছবি,https://www.prothomalo.com/photo/bangladesh/j3zffyojh7
ভিডিও,https://www.prothomalo.com/video/international/5336zncufp
,https://www.prothomalo.com/bangladesh/district/gtxona63rj
"দ্বিতীয় দিনে জাকসুর মনোনয়ন ফরম নিলেন ৪০ জন, সংগ্রহের সময় বাড়ল",https://www.prothomalo.com/bangladesh/district/gtxona63rj
,https://www.prothomalo.com/education/admission/hgo5q49ow2
"জাহাঙ্গীরনগর বিশ্ববিদ্যালয়ে পাবলিক হেলথে মাস্টার্স, আবেদন ফি ১৫০০ টাকা",https://www.prothomalo.com/education/admission/hgo5q49ow2
,https://www.prothomalo.com/lifestyle/travel/8lxsvx3jgx
বৃষ্টিভেজা পদ্মপুকুর দেখুন ছবিতে ছবিতে,https://www.prothomalo.com/lifestyle/travel/8lxsvx3jgx
,https://www.prothomalo.com/bangladesh/district/dhrp87kov7
"জাকসুর চূড়ান্ত ভোটার তালিকায় বহিষ্কৃত, ছাত্রত্ব বাতিল ও মৃত শিক্ষার্থীরাও",https://www.prothomalo.com/bangladesh/district/dhrp87kov7
,https://www.prothomalo.com/bangladesh/siw2mobbqb
"জাকসু নির্বাচনের চূড়ান্ত ভোটার তালিকা প্রকাশ, মোট ভোটার ১১ হাজার ৯১৯",https://www.prothomalo.com/bangladesh/siw2mobbqb
,https://www.prothomalo.com/bangladesh/cxeex7vs99
জাহাঙ্গীরনগর বিশ্ববিদ্যালয় বিসিএস অফিসার্স ফোরামের কমিটি গঠন,https://www.prothomalo.com/bangladesh/cxeex7vs99
,https://www.prothomalo.com/bangladesh/district/sxg5fvsa0v
"জাহাঙ্গীরনগর বিশ্ববিদ্যালয়ে কেন্দ্রীয় ছাত্রদলের নেতারা, শাখা ছাত্রদলের দুই পক্ষের হাতাহাতি",https://www.prothomalo.com/bangladesh/district/sxg5fvsa0v
,https://www.prothomalo.com/education/admission/j7etkclfwg
জাহাঙ্গীরনগর বিশ্ববিদ্যালয়ে কম্পিউটার সায়েন্সে এমএসসির সুযোগ,https://www.prothomalo.com/education/admission/j7etkclfwg
,https://www.prothomalo.com/bangladesh/district/80ntscuhsy
"জাহাঙ্গীরনগর বিশ্ববিদ্যালয়ে হল থেকে মেয়াদোত্তীর্ণদের সরাতে অভিযান, বিক্ষুব্ধদের প্রতিবাদ",https://www.prothomalo.com/bangladesh/district/80ntscuhsy
,https://www.prothomalo.com/bangladesh/district/nn3rzm9icz
"জাহাঙ্গীরনগর বিশ্ববিদ্যালয়বাতিল ঘোষণা করা ‘পোষ্য কোটা’ ভিন্ন নামে ফিরছে, তবে যুক্ত হচ্ছে শর্ত",https://www.prothomalo.com/bangladesh/district/nn3rzm9icz
,https://www.prothomalo.com/politics/46gokzesd4
জাকসু নির্বাচন ঘিরে সরগরম ক্যাম্পাস,https://www.prothomalo.com/politics/46gokzesd4
,https://www.prothomalo.com/bangladesh/district/4fb19km06a
জাহাঙ্গীরনগর বিশ্ববিদ্যালয়ে প্রথম বর্ষের ক্লাস শুরু ২১ সেপ্টেম্বর,https://www.prothomalo.com/bangladesh/district/4fb19km06a
,https://www.prothomalo.com/education/admission/60eyobeyo0
"জাহাঙ্গীরনগর বিশ্ববিদ্যালয়ে ফলিত গণিতে মাস্টার্স, সিজিপিএ–২.৫০ হলে আবেদন",https://www.prothomalo.com/education/admission/60eyobeyo0
,https://www.prothomalo.com/bangladesh/district/ilqm6lya6s
"জাকসু নির্বাচনের তফসিল ঘোষণা, ভোট ১১ সেপ্টেম্বর",https://www.prothomalo.com/bangladesh/district/ilqm6lya6s
,https://www.prothomalo.com/bangladesh/lyh3olwzo1
শিক্ষা ক্যাডারে অন্তর্ভুক্তির দাবিতে জাহাঙ্গীরনগরে লোকপ্রশাসন বিভাগের শিক্ষার্থীদের মানববন্ধন,https://www.prothomalo.com/bangladesh/lyh3olwzo1
,/
নাগরিক সংবাদ,https://nagorik.prothomalo.com/
কিশোর আলো,https://www.kishoralo.com/
বিজ্ঞানচিন্তা,https://www.bigganchinta.com/
প্রথম আলো ট্রাস্ট,https://trust.prothomalo.com/
বন্ধুসভা,https://www.bondhushava.com/
চিরন্তন ১৯৭১,https://1971.prothomalo.com/
ইপেপার,https://epaper.prothomalo.com/
প্রথমা,https://www.prothoma.com/
মোবাইল ভ্যাস,https://www.prothomalo.com/mobile-vas
,https://www.facebook.com/DailyProthomAlo
,https://twitter.com/ProthomAlo
,https://www.instagram.com/prothomalo
,https://www.youtube.com/c/ProthomAlo
,https://news.google.com/publications/CAAqBwgKMOfGlwswmfCuAw?hl=bn&gl=BD&ceid=BD%3Abn
,https://play.google.com/store/apps/details?id=com.mcc.prothomalo
,https://apps.apple.com/us/app/bangla-newspaper-prothom-alo/id548596669
প্রথম আলো,https://prothomalo.com/about
বিজ্ঞাপন,https://prothomalo.com/advertise
সার্কুলেশন,https://www.prothomalo.com/circulation
শর্তাবলি ও নীতিমালা,https://prothomalo.com/terms
গোপনীয়তা নীতি,https://www.prothomalo.com/privacy-policy
যোগাযোগ,https://prothomalo.com/contact
নিউজলেটার,https://mailchi.mp/prothomalo/prothom-alo-newsletter-landing
